Date,Team (Home),Time,Team (Away),Stage,Group,Stadium,City
Thursday 11 June 2026,Mexico,3:00 PM,South Africa,First Stage,Group A,Mexico City Stadium,Mexico City
Thursday 11 June 2026,Korea Republic,10:00 PM,Czechia,First Stage,Group A,Guadalajara Stadium,Guadalajara
,,,,,,,
Friday 12 June 2026,Canada,3:00 PM,Bosnia and Herzegovina,First Stage,Group B,Toronto Stadium,Toronto
Friday 12 June 2026,USA,9:00 PM,Paraguay,First Stage,Group D,Los Angeles Stadium,Los Angeles
,,,,,,,
Saturday 13 June 2026,Qatar,3:00 PM,Switzerland,First Stage,Group B,San Francisco Bay Area Stadium,San Francisco Bay Area
Saturday 13 June 2026,Brazil,6:00 PM,Morocco,First Stage,Group C,New York/New Jersey Stadium,New Jersey
Saturday 13 June 2026,Haiti,9:00 PM,Scotland,First Stage,Group C,Boston Stadium,Boston
,,,,,,,
Sunday 14 June 2026,Australia,12:00 AM,Turkiye,First Stage,Group D,BC Place Vancouver,Vancouver
Sunday 14 June 2026,Germany,1:00 PM,Curasao,First Stage,Group E,Houston Stadium,Houston
Sunday 14 June 2026,Netherlands,4:00 PM,Japan,First Stage,Group F,Dallas Stadium,Dallas
Sunday 14 June 2026,Cote d'Ivoire,7:00 PM,Ecuador,First Stage,Group E,Philadelphia Stadium,Philadelphia
Sunday 14 June 2026,Sweden,10:00 PM,Tunisia,First Stage,Group F,Monterrey Stadium,Monterrey
,,,,,,,
Monday 15 June 2026,Spain,12:00 PM,Cabo Verde,First Stage,Group H,Atlanta Stadium,Atlanta
Monday 15 June 2026,Belgium,3:00 PM,Egypt,First Stage,Group G,Seattle Stadium,Seattle
Monday 15 June 2026,Saudi Arabia,6:00 PM,Uruguay,First Stage,Group H,Miami Stadium,Miami
Monday 15 June 2026,IR Iran,9:00 PM,New Zealand,First Stage,Group G,Los Angeles Stadium,Los Angeles
,,,,,,,
Tuesday 16 June 2026,France,3:00 PM,Senegal,First Stage,Group I,New York/New Jersey Stadium,New Jersey
Tuesday 16 June 2026,Iraq,6:00 PM,Norway,First Stage,Group I,Boston Stadium,Boston
Tuesday 16 June 2026,Argentina,9:00 PM,Algeria,First Stage,Group J,Kansas City Stadium,Kansas City
,,,,,,,
Wednesday 17 June 2026,Austria,12:00 AM,Jordan,First Stage,Group J,San Francisco Bay Area Stadium,San Francisco Bay Area
Wednesday 17 June 2026,Portugal,1:00 PM,Congo DR,First Stage,Group K,Houston Stadium,Houston
Wednesday 17 June 2026,England,4:00 PM,Croatia,First Stage,Group L,Dallas Stadium,Dallas
Wednesday 17 June 2026,Ghana,7:00 PM,Panama,First Stage,Group L,Toronto Stadium,Toronto
Wednesday 17 June 2026,Uzbekistan,10:00 PM,Colombia,First Stage,Group K,Mexico City Stadium,Mexico City
,,,,,,,
Thursday 18 June 2026,Czechia,12:00 PM,South Africa,First Stage,Group A,Atlanta Stadium,Atlanta
Thursday 18 June 2026,Switzerland,3:00 PM,Bosnia and Herzegovina,First Stage,Group B,Los Angeles Stadium,Los Angeles
Thursday 18 June 2026,Canada,6:00 PM,Qatar,First Stage,Group B,BC Place Vancouver,Vancouver
Thursday 18 June 2026,Mexico,9:00 PM,Korea Republic,First Stage,Group A,Guadalajara Stadium,Guadalajara
,,,,,,,
Friday 19 June 2026,USA,3:00 PM,Australia,First Stage,Group D,Seattle Stadium,Seattle
Friday 19 June 2026,Scotland,6:00 PM,Morocco,First Stage,Group C,Boston Stadium,Boston
Friday 19 June 2026,Brazil,8:30 PM,Haiti,First Stage,Group C,Philadelphia Stadium,Philadelphia
Friday 19 June 2026,Turkiye,11:00 PM,Paraguay,First Stage,Group D,San Francisco Bay Area Stadium,San Francisco Bay Area
,,,,,,,
Saturday 20 June 2026,Netherlands,1:00 PM,Sweden,First Stage,Group F,Houston Stadium,Houston
Saturday 20 June 2026,Germany,4:00 PM,Cote d'Ivoire,First Stage,Group E,Toronto Stadium,Toronto
Saturday 20 June 2026,Ecuador,8:00 PM,Curasao,First Stage,Group E,Kansas City Stadium,Kansas City
,,,,,,,
Sunday 21 June 2026,Tunisia,12:00 AM,Japan,First Stage,Group F,Monterrey Stadium,Monterrey
Sunday 21 June 2026,Spain,12:00 PM,Saudi Arabia,First Stage,Group H,Atlanta Stadium,Atlanta
Sunday 21 June 2026,Belgium,3:00 PM,IR Iran,First Stage,Group G,Los Angeles Stadium,Los Angeles
Sunday 21 June 2026,Uruguay,6:00 PM,Cabo Verde,First Stage,Group H,Miami Stadium,Miami
Sunday 21 June 2026,New Zealand,9:00 PM,Egypt,First Stage,Group G,BC Place Vancouver,Vancouver
,,,,,,,
Monday 22 June 2026,Argentina,1:00 PM,Austria,First Stage,Group J,Dallas Stadium,Dallas
Monday 22 June 2026,France,5:00 PM,Iraq,First Stage,Group I,Philadelphia Stadium,Philadelphia
Monday 22 June 2026,Norway,8:00 PM,Senegal,First Stage,Group I,New York/New Jersey Stadium,New Jersey
Monday 22 June 2026,Jordan,11:00 PM,Algeria,First Stage,Group J,San Francisco Bay Area Stadium,San Francisco Bay Area
,,,,,,,
Tuesday 23 June 2026,Portugal,1:00 PM,Uzbekistan,First Stage,Group K,Houston Stadium,Houston
Tuesday 23 June 2026,England,4:00 PM,Ghana,First Stage,Group L,Boston Stadium,Boston
Tuesday 23 June 2026,Panama,7:00 PM,Croatia,First Stage,Group L,Toronto Stadium,Toronto
Tuesday 23 June 2026,Colombia,10:00 PM,Congo DR,First Stage,Group K,Guadalajara Stadium,Guadalajara
,,,,,,,
Wednesday 24 June 2026,Switzerland,3:00 PM,Canada,First Stage,Group B,BC Place Vancouver,Vancouver
Wednesday 24 June 2026,Bosnia and Herzegovina,3:00 PM,Qatar,First Stage,Group B,Seattle Stadium,Seattle
Wednesday 24 June 2026,Scotland,6:00 PM,Brazil,First Stage,Group C,Miami Stadium,Miami
Wednesday 24 June 2026,Morocco,6:00 PM,Haiti,First Stage,Group C,Atlanta Stadium,Atlanta
Wednesday 24 June 2026,Czechia,9:00 PM,Mexico,First Stage,Group A,Mexico City Stadium,Mexico City
Wednesday 24 June 2026,South Africa,9:00 PM,Korea Republic,First Stage,Group A,Monterrey Stadium,Monterrey
,,,,,,,
Thursday 25 June 2026,Curasao,4:00 PM,Cote d'Ivoire,First Stage,Group E,Philadelphia Stadium,Philadelphia
Thursday 25 June 2026,Ecuador,4:00 PM,Germany,First Stage,Group E,New York/New Jersey Stadium,New Jersey
Thursday 25 June 2026,Japan,7:00 PM,Sweden,First Stage,Group F,Dallas Stadium,Dallas
Thursday 25 June 2026,Tunisia,7:00 PM,Netherlands,First Stage,Group F,Kansas City Stadium,Kansas City
Thursday 25 June 2026,Turkiye,10:00 PM,USA,First Stage,Group D,Los Angeles Stadium,Los Angeles
Thursday 25 June 2026,Paraguay,10:00 PM,Australia,First Stage,Group D,San Francisco Bay Area Stadium,San Francisco Bay Area
,,,,,,,
Friday 26 June 2026,Norway,3:00 PM,France,First Stage,Group I,Boston Stadium,Boston
Friday 26 June 2026,Senegal,3:00 PM,Iraq,First Stage,Group I,Toronto Stadium,Toronto
Friday 26 June 2026,Cabo Verde,8:00 PM,Saudi Arabia,First Stage,Group H,Houston Stadium,Houston
Friday 26 June 2026,Uruguay,8:00 PM,Spain,First Stage,Group H,Guadalajara Stadium,Guadalajara
Friday 26 June 2026,Egypt,11:00 PM,IR Iran,First Stage,Group G,Seattle Stadium,Seattle
Friday 26 June 2026,New Zealand,11:00 PM,Belgium,First Stage,Group G,BC Place Vancouver,Vancouver
,,,,,,,
Saturday 27 June 2026,Panama,5:00 PM,England,First Stage,Group L,New York/New Jersey Stadium,New Jersey
Saturday 27 June 2026,Croatia,5:00 PM,Ghana,First Stage,Group L,Philadelphia Stadium,Philadelphia
Saturday 27 June 2026,Colombia,7:30 PM,Portugal,First Stage,Group K,Miami Stadium,Miami
Saturday 27 June 2026,Congo DR,7:30 PM,Uzbekistan,First Stage,Group K,Atlanta Stadium,Atlanta
Saturday 27 June 2026,Algeria,10:00 PM,Austria,First Stage,Group J,Kansas City Stadium,Kansas City
Saturday 27 June 2026,Jordan,10:00 PM,Argentina,First Stage,Group J,Dallas Stadium,Dallas
